Component Removed,Avg Drop Pmcs,Rank
No_MUSIC,0.144765797132002,1
No_RNCO,0.12350955286893872,2
No_Diversity,0.03690006784263787,3
No_Terrain,0.003959246471843101,4
No_Cognitive,-0.00047447467341386884,5
No_Localization,-0.09051052771312057,6
No_EKF,-0.15031704740393137,7
