{"h_cont": [0.0, 1.2980487513810672, 2.5960975027621345, 3.8941462541432017, 5.192195005524269, 6.490243756905336, 7.788292508286403, 9.08634125966747, 10.384390011048538, 11.682438762429605, 12.980487513810672, 14.27853626519174, 15.576585016572807, 16.874633767953874, 18.17268251933494, 19.47073127071601, 20.768780022097076, 22.066828773478143, 23.36487752485921, 24.662926276240277, 25.960975027621345, 27.259023779002412, 28.55707253038348, 29.855121281764546, 31.153170033145614, 32.45121878452668, 33.74926753590775, 35.047316287288815, 36.34536503866988, 37.64341379005095, 38.94146254143202, 40.239511292813084, 41.53756004419415, 42.83560879557522, 44.133657546956286, 45.43170629833735, 46.72975504971842, 48.02780380109949, 49.325852552480555, 50.62390130386162, 51.92195005524269, 53.21999880662376, 54.518047558004824, 55.81609630938589, 57.11414506076696, 58.412193812148026, 59.71024256352909, 61.00829131491016, 62.30634006629123, 63.604388817672294, 64.90243756905336, 66.20048632043444, 67.4985350718155, 68.79658382319656, 70.09463257457762, 71.39268132595868, 72.69073007733974, 73.9887788287208, 75.28682758010186, 76.58487633148292, 77.88292508286398, 79.18097383424504, 80.4790225856261, 81.77707133700716, 83.07512008838822, 84.37316883976928, 85.67121759115034, 86.9692663425314, 88.26731509391246, 89.56536384529352], "s_cont": [25.409499081130136, 20.677759788996713, 21.196126305665253, 16.342138541237183, 20.580244981081034, 21.592157948361653, 23.41773914313069, 17.779614337361643, 21.04344135092041, 21.289902335981576, 18.747126847776787, 18.882718088678878, 18.58024408660353, 22.189197741065357, 18.953406970281257, 21.833335993082265, 19.604843144662368, 23.854409750826335, 19.249319881714484, 23.28083449645827, 19.30412914652326, 21.91702832758864, 19.11439036881099, 20.245712870243175, 17.678234895224215, 18.264459834818588, 24.62702583227955, 23.222540851470267, 21.978850336552064, 22.54633557733321, 19.794192065473027, 15.181042555767492, 19.641873174246683, 18.76938680445179, 19.177277705772866, 23.50847213381224, 18.047372679926028, 17.947521848305033, 18.865605049739823, 19.78706737530548, 19.15181470695939, 19.0803505435327, 20.080555127892204, 24.354425406260955, 20.210483510189835, 19.87313434644056, 23.33950770978572, 21.07174508164934, 20.206632005992322, 20.812679709782596, 21.91953789927463, 16.941670816557043, 19.588682147254033, 21.502146844843608, 23.395363701372133, 19.743668778653237, 17.643905326090984, 21.72159547076681, 19.58617603048413, 19.483947315384253, 22.165899750761717, 19.37590061354718, 21.928484934223214, 18.2625830256953, 17.96159323751583, 20.438360669712765, 22.347954694530724, 15.993589104444947, 15.788653674992526, 19.970184780993296], "s_bin": [28.47340510018079, 28.46062604918309, 28.446626455644033, 28.43140822811368, 28.414973262839386, 28.397323444846947, 28.378460649053817, 28.358386741416084, 28.337103580106646, 28.31461301672857, 28.290916897559796, 28.266017064834003, 28.23991535805568, 28.212613615351753, 28.184113674861507, 22.719251554753907, 25.09408482945885, 23.692321213194802, 20.682146936898015, 26.336778988037285, 23.512594908113126, 22.549205981391232, 23.554280974784255, 23.86973524129539, 27.692469248494906, 27.67431754548887, 27.23431207272457, 27.214746336712203, 27.19386771551859, 27.17167506139974, 27.148167226239703, 27.123343063261977, 27.09720142891465, 27.48120564092373, 27.451066380960217, 27.419590934303457, 27.386778508335638, 27.352628334349816, 27.317139671178566, 27.28031180909045, 27.242144073969108, 27.202635831790964, 27.161786493418564, 27.11959551972807, 27.07606242709044, 26.789344401110636, 26.74532288836346, 26.699921950289443, 26.653140842016647, 26.604978880823094, 26.555435453072697, 26.50451002162503, 26.45220213375054, 26.120183339836885, 26.072869531723498, 26.020079602079672, 25.965865363324667, 25.910226128896163, 25.85316133272635, 25.794670540758897, 25.734753463262617, 25.673409967994708, 25.610640094269858, 25.546444067996042, 25.48082231774176, 25.41377549190439, 25.34530447705405, 25.275410417532772, 24.853140625552122, 24.384059115386172], "s_cog": [25.409499081130136, 20.677759788996713, 21.196126305665253, 16.342138541237183, 20.580244981081034, 21.592157948361653, 23.41773914313069, 17.779614337361643, 21.04344135092041, 21.289902335981576, 18.747126847776787, 18.882718088678878, 18.58024408660353, 22.189197741065357, 18.953406970281257, 21.833335993082265, 19.604843144662368, 23.854409750826335, 19.249319881714484, 23.28083449645827, 19.30412914652326, 21.91702832758864, 19.11439036881099, 20.245712870243175, 17.678234895224215, 18.264459834818588, 24.62702583227955, 23.222540851470267, 21.978850336552064, 22.54633557733321, 19.794192065473027, 15.181042555767492, 19.641873174246683, 18.76938680445179, 19.177277705772866, 23.50847213381224, 18.047372679926028, 17.947521848305033, 18.865605049739823, 19.78706737530548, 19.15181470695939, 19.0803505435327, 20.080555127892204, 24.354425406260955, 20.210483510189835, 19.87313434644056, 23.33950770978572, 21.07174508164934, 20.206632005992322, 20.812679709782596, 21.91953789927463, 16.941670816557043, 19.588682147254033, 21.502146844843608, 23.395363701372133, 19.743668778653237, 17.643905326090984, 21.72159547076681, 19.58617603048413, 19.483947315384253, 22.165899750761717, 19.37590061354718, 21.928484934223214, 18.2625830256953, 17.96159323751583, 20.438360669712765, 22.347954694530724, 15.993589104444947, 15.788653674992526, 19.970184780993296], "a_cont": [