Component Removed,A,B,C,D,E
No_MUSIC,0.10578405059456315,0.12558028295377865,0.49246428767458406,0.0,3.644370840415132e-07
No_Localization,-0.3866802369182637,0.12558028295377865,1.6175721873068483e-10,-0.1914530491999591,3.644370840415178e-07
No_RNCO,0.10578405059456315,0.12558028295377865,0.3861830663592678,0.0,3.644370840415178e-07
No_Diversity,0.06148575466192115,0.12242047834294058,0.0005937417712666981,0.0,3.6443706092008253e-07
No_EKF,-0.38668023637528776,0.12558028295377865,7.047331607168417e-10,-0.490485648739965,3.64437084041511e-07
No_Terrain,0.0,0.0197962323592155,0.0,0.0,0.0
No_Cognitive,-0.0013710739952077916,-0.0010012993712671947,-5.943578962330776e-13,0.0,0.0
